{
  "meta": {
    "generatedAt": "2026-03-20T11:39:55.130390+00:00",
    "katanaBlock": 27263955
  },
  "totalSupply": 10000000000,
  "totalCirculating": 601686272.7541654,
  "circulatingPct": 6.016862727541654,
  "sources": {
    "merkl": {
      "label": "Merkl Rewards",
      "amount": 561686272.7541654,
      "pct": 5.616862727541654
    },
    "etherfi": {
      "label": "EtherFi Vault",
      "amount": 20000000.0,
      "pct": 0.2
    },
    "lombard": {
      "label": "Lombard Vault",
      "amount": 20000000.0,
      "pct": 0.2
    }
  },
  "protocolMix": {
    "Yearn": {
      "frac": 0.06361293802881247,
      "subs": {}
    },
    "Katana Vaults": {
      "frac": 0.7260920254615753,
      "subs": {}
    },
    "Morpho": {
      "frac": 0.02875550924527941,
      "subs": {}
    },
    "Charm": {
      "frac": 0.021603764964539827,
      "subs": {}
    },
    "SushiSwap": {
      "frac": 0.1472107983290869,
      "subs": {
        "LP": 0.4692338713878943,
        "swap fees": 0.5307661286121057
      }
    },
    "Ichi": {
      "frac": 0.0011399914726422738,
      "subs": {}
    },
    "Steer": {
      "frac": 0.00032195440216554685,
      "subs": {}
    },
    "other": {
      "frac": 0.011263018095898301,
      "subs": {}
    }
  }
}