{
  "meta": {
    "generatedAt": "2026-03-20T11:20:00.773767+00:00",
    "katanaBlock": 27262761
  },
  "totalSupply": 10000000000,
  "totalCirculating": 601676307.1586397,
  "circulatingPct": 6.0167630715863964,
  "sources": {
    "merkl": {
      "label": "Merkl Rewards",
      "amount": 561676307.1586397,
      "pct": 5.616763071586397
    },
    "etherfi": {
      "label": "EtherFi Vault",
      "amount": 20000000.0,
      "pct": 0.2
    },
    "lombard": {
      "label": "Lombard Vault",
      "amount": 20000000.0,
      "pct": 0.2
    }
  },
  "protocolMix": {
    "ERC20 vault": {
      "frac": 0.06355362228876668,
      "subs": {}
    },
    "Katana Vaults": {
      "frac": 0.7234958361151709,
      "subs": {}
    },
    "Morpho": {
      "frac": 0.028752454498380604,
      "subs": {}
    },
    "Charm": {
      "frac": 0.021603743822252223,
      "subs": {}
    },
    "SushiSwap": {
      "frac": 0.14987112097547073,
      "subs": {
        "LP": 0.4609079914945666,
        "swap fees": 0.5390920085054335
      }
    },
    "Ichi": {
      "frac": 0.001139990362722118,
      "subs": {}
    },
    "Steer": {
      "frac": 0.00032195408736876375,
      "subs": {}
    },
    "other": {
      "frac": 0.011261277849868039,
      "subs": {}
    }
  }
}